Layer,Tensor,Mode,Shape,MAE_w,RMSE_w,MaxAbsErr_w,LevelsUsed,SaturationCount,ScaleMin,ScaleMax,ScaleRatioMaxMin
dense_6,kernel,per_layer,"(6, 8)",0.009459060616791248,0.010741490870714188,0.016767144203186035,43,1,0.035062674432992935,0.035062674432992935,1.0
dense_6,kernel,per_neuron,"(6, 8)",0.003913486376404762,0.005294349510222673,0.014702759683132172,38,8,0.014517574571073055,0.035062674432992935,2.4151880741119385
dense_6,bias,per_layer,"(8,)",0.004395838361233473,0.005156320054084063,0.008211731910705566,8,1,0.01660870760679245,0.01660870760679245,1.0
dense_6,bias,per_neuron,"(8,)",0.004395838361233473,0.005156320054084063,0.008211731910705566,8,1,0.01660870760679245,0.01660870760679245,1.0
dense_7,kernel,per_layer,"(8, 6)",0.02579963207244873,0.02820754051208496,0.04573702812194824,42,1,0.0925489217042923,0.0925489217042923,1.0
dense_7,kernel,per_neuron,"(8, 6)",0.011039335280656815,0.015415757894515991,0.03943014144897461,40,6,0.038119375705718994,0.0925489217042923,2.427870750427246
dense_7,bias,per_layer,"(6,)",0.00505082169547677,0.0062347338534891605,0.011419333517551422,6,1,0.03908281773328781,0.03908281773328781,1.0
dense_7,bias,per_neuron,"(6,)",0.00505082169547677,0.0062347338534891605,0.011419333517551422,6,1,0.03908281773328781,0.03908281773328781,1.0
