Modelo,Flujo,Conjunto,Accuracy,F1_macro
Q por capa,I/O quantizado,EntrenamientoQ,0.5954219678871049,0.4910954648583887
Q por capa,I/O quantizado,PruebaQ,0.5977777777777777,0.49156858585518526
Q por capa,I/O de-cuantizado,EntrenamientoQ,0.9930551697316518,0.9930595204253475
Q por capa,I/O de-cuantizado,PruebaQ,0.9936111111111111,0.9936147121384451
Q por neurona,I/O quantizado,EntrenamientoQ,0.5970887271515084,0.49258889981799153
Q por neurona,I/O quantizado,PruebaQ,0.5994444444444444,0.49309649251484194
Q por neurona,I/O de-cuantizado,EntrenamientoQ,0.9929440524473582,0.992948635858102
Q por neurona,I/O de-cuantizado,PruebaQ,0.9933333333333333,0.9933372422562853
