Modelo,Dataset,Layer,OutputShape,MAE,RMSE,MaxAbsDiff,RelativeMAE,CosineSimilarity,FinalAccuracyQuantized,FinalAccuracyDequantized,FinalPredictionAgreement
Q por capa,Q por capa - EntrenamientoQ,dense_6,8,0.4076544940471649,0.7451441884040833,1.9934816360473633,0.49530547857284546,0.6781998872756958,0.5954219678871049,0.9930551697316518,0.5967553752986277
Q por capa,Q por capa - EntrenamientoQ,dense_7,6,0.13519108295440674,0.35758358240127563,0.9999999403953552,0.8111464977264404,0.6017622947692871,0.5954219678871049,0.9930551697316518,0.5967553752986277
Q por capa,Q por capa - PruebaQ,dense_6,8,0.40068405866622925,0.7364509701728821,1.9870158433914185,0.4862658679485321,0.6856639385223389,0.5977777777777777,0.9936111111111111,0.6025
Q por capa,Q por capa - PruebaQ,dense_7,6,0.1334911584854126,0.35528406500816345,0.9999999403953552,0.8009469509124756,0.6066902875900269,0.5977777777777777,0.9936111111111111,0.6025
Q por neurona,Q por neurona - EntrenamientoQ,dense_6,8,0.40641337633132935,0.7432019710540771,1.994152545928955,0.4940403401851654,0.6799113154411316,0.5970887271515084,0.9929440524473582,0.5982554586365909
Q por neurona,Q por neurona - EntrenamientoQ,dense_7,6,0.13450203835964203,0.35667210817337036,0.9999999403953552,0.8070122003555298,0.6038506627082825,0.5970887271515084,0.9929440524473582,0.5982554586365909
Q por neurona,Q por neurona - PruebaQ,dense_6,8,0.39913514256477356,0.7340009212493896,1.986693024635315,0.4846215546131134,0.6876911520957947,0.5994444444444444,0.9933333333333333,0.6041666666666666
Q por neurona,Q por neurona - PruebaQ,dense_7,6,0.13289956748485565,0.3546031713485718,0.9999999403953552,0.7973973751068115,0.6084468364715576,0.5994444444444444,0.9933333333333333,0.6041666666666666
