Modelo,Particion,MAE_q_vs_dq,MSE_q_vs_dq,MaxAbsErr_q_vs_dq,MAE_dq_vs_real,MSE_dq_vs_real,MAE_q_vs_real,MSE_q_vs_real,Top1_coincidencia_q_vs_dq,Top1_diferencia_q_vs_dq,Acc_decuantizado,Acc_cuantizado
Q por capa,EntrenamientoQ,0.13519108295440674,0.1278660148382187,0.99999994,0.004821012262254953,0.001899953931570053,0.13557663559913635,0.13046476244926453,0.5967553752986277,0.4032446247013723,0.9930551697316518,0.5954219678871049
Q por capa,PruebaQ,0.1334911584854126,0.1262267678976059,0.99999994,0.004569777753204107,0.0019082892686128616,0.13487021625041962,0.12940555810928345,0.6025,0.3975,0.9936111111111111,0.5977777777777777
Q por neurona,EntrenamientoQ,0.13450203835964203,0.12721498310565948,0.99999994,0.00479687238112092,0.0018992869881913066,0.13488857448101044,0.12977734208106995,0.5982554586365909,0.4017445413634091,0.9929440524473582,0.5970887271515084
Q por neurona,PruebaQ,0.13289956748485565,0.12574340403079987,0.99999994,0.00458734855055809,0.001926841912791133,0.13427521288394928,0.12890394032001495,0.6041666666666666,0.3958333333333333,0.9933333333333333,0.5994444444444444
