Modelo,Split,MAE_salidas,MSE_salidas,MaxAbsErr_salidas,Top1_agreement_q_vs_dq,Top1_disagreement_q_vs_dq,Acc_dequantized,Acc_quantized
Q (pesos por capa),TrainQ,0.13519108295440674,0.1278660148382187,0.99999994,0.5967553752986277,0.4032446247013723,0.9930551697316518,0.5954219678871049
Q (pesos por capa),TestQ,0.1334911584854126,0.1262267678976059,0.99999994,0.6025,0.3975,0.9936111111111111,0.5977777777777777
Q (pesos por neurona),TrainQ,0.13450203835964203,0.12721498310565948,0.99999994,0.5982554586365909,0.4017445413634091,0.9929440524473582,0.5970887271515084
Q (pesos por neurona),TestQ,0.13289956748485565,0.12574340403079987,0.99999994,0.6041666666666666,0.3958333333333333,0.9933333333333333,0.5994444444444444
